Normalized_MP_Name,Total_Works,Total_Expenditure,Risk_Cluster,Segment_Label
a a rahim,36,56633403.0,1,Normal Pacing
aashtikar patil nagesh bapurao,43,63639433.0,1,Normal Pacing
abdul rashid sheikh,67,27222021.0,0,Low Utilization / High Risk (Stalled)
abdul wahab,162,93542861.0,1,Normal Pacing
abhay kumar sinha,28,16049121.0,0,Low Utilization / High Risk (Stalled)
abhijit gangopadhyay,120,38859793.78,0,Low Utilization / High Risk (Stalled)
abhishek banerjee,248,67417393.0,1,Normal Pacing
abu taher khan,27,13709659.0,0,Low Utilization / High Risk (Stalled)
adhikari soumendu,26,33679073.0,0,Low Utilization / High Risk (Stalled)
aditya prasad,234,99224368.0,1,Normal Pacing
aditya yadav,116,58547198.0,1,Normal Pacing
adv adoor prakash,50,12740454.0,0,Low Utilization / High Risk (Stalled)
adv dean kuriakose,78,48919624.0,0,Low Utilization / High Risk (Stalled)
adv gowaal kagada padavi,11,1864825.0,0,Low Utilization / High Risk (Stalled)
adv k francis george,82,37467974.0,0,Low Utilization / High Risk (Stalled)
afzal ansari,208,87967978.0,1,Normal Pacing
aga syed ruhullah mehdi,79,20772671.0,0,Low Utilization / High Risk (Stalled)
ajay bhatt,812,47054402.0,2,High Expenditure (Monitor for rapid drain)
ajay kumar mandal,27,27823462.0,0,Low Utilization / High Risk (Stalled)
ajay makan,10,35435523.0,0,Low Utilization / High Risk (Stalled)
ajay tamta,63,3884739.0,0,Low Utilization / High Risk (Stalled)
ajeet madhavrao gopchade,51,52933472.0,0,Low Utilization / High Risk (Stalled)
ajendra singh lodhi,55,30962581.0,0,Low Utilization / High Risk (Stalled)
akhilesh prasad singh,49,60825563.0,1,Normal Pacing
akhilesh yadav,65,30813811.0,0,Low Utilization / High Risk (Stalled)
akshaya yadav,83,95931875.0,1,Normal Pacing
alfred kanngam s arthur,58,77810002.0,1,Normal Pacing
alok kumar suman,34,29010680.0,0,Low Utilization / High Risk (Stalled)
alok sharma,62,55319017.0,1,Normal Pacing
amar pal maurya,22,19648175.0,0,Low Utilization / High Risk (Stalled)
amar sharadrao kale,40,32855968.0,0,Low Utilization / High Risk (Stalled)
amar singh,442,39413058.0,2,High Expenditure (Monitor for rapid drain)
amarsing tisso,170,65686293.0,1,Normal Pacing
ambica g lakshminarayana valmiki,80,61402871.0,1,Normal Pacing
amit shah,12,8759719.0,0,Low Utilization / High Risk (Stalled)
amol ramsing kolhe,23,18561770.0,0,Low Utilization / High Risk (Stalled)
amraram,295,38066961.0,1,Normal Pacing
amrinder singh raja warring,289,29752811.0,0,Low Utilization / High Risk (Stalled)
anand bhadauriya,100,58482396.0,1,Normal Pacing
anand kumar,102,66987751.0,1,Normal Pacing
ananta nayak,444,28815860.0,2,High Expenditure (Monitor for rapid drain)
andimuthu raja,84,70939439.0,1,Normal Pacing
andrew j syngkon,320,70355000.0,1,Normal Pacing
angomcha bimol akoijam,66,93135392.0,1,Normal Pacing
anil baluni,8,2739441.0,0,Low Utilization / High Risk (Stalled)
anil firojiya,169,56898677.0,1,Normal Pacing
anil kumar yadav mandadi,38,26956185.0,0,Low Utilization / High Risk (Stalled)
anil sukhdeorao bonde,79,82594496.0,1,Normal Pacing
anil yeshwant desai,4,7792570.0,0,Low Utilization / High Risk (Stalled)
anita nagarsingh chouhan,131,44366996.0,0,Low Utilization / High Risk (Stalled)
anita subhadarshini,32,12818448.0,0,Low Utilization / High Risk (Stalled)
annpurna devi,134,38779828.0,0,Low Utilization / High Risk (Stalled)
anoop pradhan balmiki,141,97915147.0,1,Normal Pacing
anto antony,65,23645802.0,0,Low Utilization / High Risk (Stalled)
anup sanjay dhotre,67,49091166.0,0,Low Utilization / High Risk (Stalled)
anupriya patel,8,51505232.0,0,Low Utilization / High Risk (Stalled)
anurag sharma,156,54538753.0,1,Normal Pacing
anurag singh thakur,206,16491823.0,0,Low Utilization / High Risk (Stalled)
aparajita sarangi,163,26647444.0,0,Low Utilization / High Risk (Stalled)
appalanaidu kalisetti,56,22325622.0,0,Low Utilization / High Risk (Stalled)
arjun ram meghwal,44,32644598.0,0,Low Utilization / High Risk (Stalled)
arun bharti,50,30867927.0,0,Low Utilization / High Risk (Stalled)
arun govil,125,62576149.0,1,Normal Pacing
arun kumar sagar,32,122223000.0,1,Normal Pacing
arun nehru,72,67582774.0,1,Normal Pacing
arun singh,167,147712883.0,1,Normal Pacing
aruna d k,71,24460667.0,0,Low Utilization / High Risk (Stalled)
arup chakraborty,33,51184558.0,0,Low Utilization / High Risk (Stalled)
arvind dharmapuri,465,146895609.0,2,High Expenditure (Monitor for rapid drain)
arvind ganpat sawant,18,28859509.0,0,Low Utilization / High Risk (Stalled)
asaduddin owaisi,7,11172317.0,0,Low Utilization / High Risk (Stalled)
ashish dubey,86,14696931.0,0,Low Utilization / High Risk (Stalled)
ashok kumar mittal,222,41162368.0,1,Normal Pacing
ashok kumar rawat,23,76402835.0,1,Normal Pacing
ashok kumar yadav,28,19418959.0,0,Low Utilization / High Risk (Stalled)
ashok singh,55,17548715.0,0,Low Utilization / High Risk (Stalled)
ashokrao shankarrao chavan,8,8968982.0,0,Low Utilization / High Risk (Stalled)
ashwini vaishnaw,21,14565426.0,0,Low Utilization / High Risk (Stalled)
asit kumar mal,139,155458093.0,1,Normal Pacing
atul garg,48,41763485.0,0,Low Utilization / High Risk (Stalled)
avimanyu sethi,61,21475579.0,0,Low Utilization / High Risk (Stalled)
awadhesh prasad,115,71363512.0,1,Normal Pacing
azad kirti jha,29,32850474.0,0,Low Utilization / High Risk (Stalled)
b k parthasarathi,62,47268554.0,0,Low Utilization / High Risk (Stalled)
b parthasaradhi reddy,6,5445593.0,0,Low Utilization / High Risk (Stalled)
b y raghavendra,189,43373447.0,1,Normal Pacing
babu singh kushwaha,80,34302153.0,0,Low Utilization / High Risk (Stalled)
babubhai jesangbhai desai,143,71460250.0,1,Normal Pacing
baburam nishad,83,37064224.44,0,Low Utilization / High Risk (Stalled)
bachhav shobha dinesh,11,10145787.0,0,Low Utilization / High Risk (Stalled)
bag mitali,56,36173189.0,0,Low Utilization / High Risk (Stalled)
baijayant panda,28,17127535.0,0,Low Utilization / High Risk (Stalled)
bajrang manohar sonwane,38,36980751.0,0,Low Utilization / High Risk (Stalled)
balabhadra majhi,112,14615740.0,0,Low Utilization / High Risk (Stalled)
balashowry vallabbhaneni,24,13632706.0,0,Low Utilization / High Risk (Stalled)
balram naik porika,221,56667380.0,1,Normal Pacing
balwant baswant wankhade,108,89303617.0,1,Normal Pacing
balya mama suresh gopinath mhatre,64,52130514.0,0,Low Utilization / High Risk (Stalled)
balyogi umeshnath,80,40407000.0,0,Low Utilization / High Risk (Stalled)
banshilal gurjar,90,39374435.0,0,Low Utilization / High Risk (Stalled)
bansuri swaraj,41,20377578.0,0,Low Utilization / High Risk (Stalled)
bapi haldar,100,38508401.0,0,Low Utilization / High Risk (Stalled)
basavaraj bommai,136,47936447.0,1,Normal Pacing
bastipati nagaraju panchalingala,71,28636010.0,0,Low Utilization / High Risk (Stalled)
benny behanan,32,28473024.0,0,Low Utilization / High Risk (Stalled)
bhagirath chaudhary,604,45926085.0,2,High Expenditure (Monitor for rapid drain)
bhajan lal jatav,139,7253086.0,0,Low Utilization / High Risk (Stalled)
bharat singh kushwah,39,12867595.0,0,Low Utilization / High Risk (Stalled)
bharatbhai manubhai sutariya,182,60146765.0,1,Normal Pacing
bharatsinhji shankarji dabhi,168,55226315.0,1,Normal Pacing
bharti pardhi,304,54299828.0,1,Normal Pacing
bhartruhari mahtab,229,34218477.0,0,Low Utilization / High Risk (Stalled)
bhaskar murlidhar bhagare,36,33083627.0,0,Low Utilization / High Risk (Stalled)
bhausaheb rajaram wakchaure,32,19420448.0,0,Low Utilization / High Risk (Stalled)
bhim singh,174,122995682.0,1,Normal Pacing
bhojraj nag,87,31735836.0,0,Low Utilization / High Risk (Stalled)
bhola singh,77,55843387.0,1,Normal Pacing
bhumare sandipanrao asaram,36,49608440.0,0,Low Utilization / High Risk (Stalled)
bhupender yadav,67,59285868.0,1,Normal Pacing
bibhu prasad tarai,67,11731683.0,0,Low Utilization / High Risk (Stalled)
bidyut baran mahato,105,40177947.0,0,Low Utilization / High Risk (Stalled)
bijuli kalita medhi,165,71052648.0,1,Normal Pacing
biplab kumar deb,26,51962677.0,0,Low Utilization / High Risk (Stalled)
birendra prasad baishya,24,26202530.0,0,Low Utilization / High Risk (Stalled)
bishnu pada ray,9,15498347.0,0,Low Utilization / High Risk (Stalled)
bl verma,129,58187902.17,1,Normal Pacing
brij lal,57,89290638.0,1,Normal Pacing
brijendra singh ola,446,55578451.0,2,High Expenditure (Monitor for rapid drain)
brijmohan agrawal,163,67181217.0,1,Normal Pacing
bunty vivek sahu,420,52561964.0,2,High Expenditure (Monitor for rapid drain)
byreddy shabari,111,49209558.0,1,Normal Pacing
c n manjunath,149,46151845.0,1,Normal Pacing
c r patil,227,55154163.0,1,Normal Pacing
captain brijesh chowta,98,46139588.0,0,Low Utilization / High Risk (Stalled)
captain viriato fernandes,63,38353802.0,0,Low Utilization / High Risk (Stalled)
chamala kiran kumar reddy,182,34916417.0,0,Low Utilization / High Risk (Stalled)
chandan chauhan,206,79306036.0,1,Normal Pacing
chandra prakash choudhary,143,29125556.0,0,Low Utilization / High Risk (Stalled)
chandra prakash joshi,38,4557289.0,0,Low Utilization / High Risk (Stalled)
chandra sekhar pemmasani,41,34347164.0,0,Low Utilization / High Risk (Stalled)
chandra shekhar,110,30172266.0,0,Low Utilization / High Risk (Stalled)
chandrakant damodar handore,19,66938921.0,1,Normal Pacing
chandubhai chhaganbhai shihora,198,56920587.0,1,Normal Pacing
charanjit singh channi,176,23562502.0,0,Low Utilization / High Risk (Stalled)
chhatra pal singh gangwar,137,36902749.0,0,Low Utilization / High Risk (Stalled)
chhatrapati shahu shahaji,34,33696592.0,0,Low Utilization / High Risk (Stalled)
chhotelal,193,42203601.0,1,Normal Pacing
chintamani maharaj,171,39090386.0,0,Low Utilization / High Risk (Stalled)
chirag paswan,50,47783578.0,0,Low Utilization / High Risk (Stalled)
chunnilal garasiya,161,71424004.0,1,Normal Pacing
cmramesh,40,35702996.0,0,Low Utilization / High Risk (Stalled)
cn annadurai,140,64120892.0,1,Normal Pacing
d m kathir anand,37,32628871.0,0,Low Utilization / High Risk (Stalled)
d ravikumar,83,64555750.0,1,Normal Pacing
daggubati purandeshwari,13,14394558.0,0,Low Utilization / High Risk (Stalled)
daggumalla prasada rao,152,74359330.0,1,Normal Pacing
damodar agarwal,806,55019323.0,2,High Expenditure (Monitor for rapid drain)
damodar rao divakonda,114,64698545.0,1,Normal Pacing
daroga prasad saroj,46,20017774.0,0,Low Utilization / High Risk (Stalled)
darshan singh choudhary,244,23864052.0,0,Low Utilization / High Risk (Stalled)
darshana singh,133,174994106.0,1,Normal Pacing
deepak adhikari,70,51041278.0,0,Low Utilization / High Risk (Stalled)
deepender singh hooda,143,58129766.0,1,Normal Pacing
derek o brien,16,70787264.0,1,Normal Pacing
devendra alias bhole singh,58,41775033.0,0,Low Utilization / High Risk (Stalled)
devendra pratap singh,14,8275468.0,0,Low Utilization / High Risk (Stalled)
devesh chandra thakur,40,18299250.0,0,Low Utilization / High Risk (Stalled)
devesh shakya,39,12680840.0,0,Low Utilization / High Risk (Stalled)
devusinh jesingbhai chauhan,272,51964124.0,1,Normal Pacing
dhairyasheel sambhajirao mane,5,7519206.0,0,Low Utilization / High Risk (Stalled)
dhananjay bhimrao mahadik,38,45917269.0,0,Low Utilization / High Risk (Stalled)
dhanorkar pratibha suresh alias balubhau,14,14990871.0,0,Low Utilization / High Risk (Stalled)
dharambir singh,133,47798498.0,1,Normal Pacing
dharamvira gandhi,1109,49322158.0,2,High Expenditure (Monitor for rapid drain)
dharmasthala veerendra heggade,94,28690116.0,0,Low Utilization / High Risk (Stalled)
dharmendra pradhan,23,5627641.0,0,Low Utilization / High Risk (Stalled)
dharmendra yadav,50,58087374.0,1,Normal Pacing
dharmshila gupta,112,135266096.0,1,Normal Pacing
dhaval laxmanbhai patel,51,28010160.0,0,Low Utilization / High Risk (Stalled)
dileshwar kamait,24,38339681.0,0,Low Utilization / High Risk (Stalled)
dilip saikia,124,21799606.0,0,Low Utilization / High Risk (Stalled)
dimple yadav,127,71355329.0,1,Normal Pacing
dinesh chandra yadav,20,16625814.0,0,Low Utilization / High Risk (Stalled)
dinesh sharma,61,56133225.0,1,Normal Pacing
dineshbhai makwana,4,25122452.0,0,Low Utilization / High Risk (Stalled)
dorjee tshering lepcha,166,86686269.0,1,Normal Pacing
dulu mahato,133,26345360.0,0,Low Utilization / High Risk (Stalled)
durai vaiko,51,58642171.0,1,Normal Pacing
durga das uikey,135,19086851.0,0,Low Utilization / High Risk (Stalled)
dushyant singh,25,5863203.0,0,Low Utilization / High Risk (Stalled)
e tukaram,17,9885937.0,0,Low Utilization / High Risk (Stalled)
eatala rajender,58,34422725.0,0,Low Utilization / High Risk (Stalled)
eswarasamy k,53,53072188.0,0,Low Utilization / High Risk (Stalled)
et mohammed basheer,67,29640090.0,0,Low Utilization / High Risk (Stalled)
faggan singh kulaste,269,51395744.0,1,Normal Pacing
faiyaz ahmad,145,154069466.0,1,Normal Pacing
g kumar naik,38,19696564.0,0,Low Utilization / High Risk (Stalled)
gaikwad varsha eknath,51,88069273.0,1,Normal Pacing
gajendra singh patel,164,44393749.0,1,Normal Pacing
gajendra singh shekhawat,1,491827.0,0,Low Utilization / High Risk (Stalled)
ganapathy rajkumar p,24,34787960.0,0,Low Utilization / High Risk (Stalled)
ganesan selvam,97,70656379.0,1,Normal Pacing
ganesh singh,123,28919958.0,0,Low Utilization / High Risk (Stalled)
gaurav gogoi,442,39148773.0,2,High Expenditure (Monitor for rapid drain)
gc chandrashekhar,128,62638499.0,1,Normal Pacing
geeta alias chandraprabha,147,101371869.34,1,Normal Pacing
geniben nagaji thakor,61,23532765.0,0,Low Utilization / High Risk (Stalled)
ghanshyam tiwari,181,45267046.0,1,Normal Pacing
giridhari yadav,31,34293391.0,0,Low Utilization / High Risk (Stalled)
giriraj singh,37,32384389.0,0,Low Utilization / High Risk (Stalled)
gm harish balayogi,60,50537900.0,0,Low Utilization / High Risk (Stalled)
godam nagesh,109,30382107.0,0,Low Utilization / High Risk (Stalled)
golla baburao,19,18853785.0,0,Low Utilization / High Risk (Stalled)
gopal jee thakur,28,12776032.0,0,Low Utilization / High Risk (Stalled)
gopinath k,40,30036719.0,0,Low Utilization / High Risk (Stalled)
govind makthappa karjol,106,40645747.0,0,Low Utilization / High Risk (Stalled)
govindbhai laljibhai dholakia,51,24017039.0,0,Low Utilization / High Risk (Stalled)
gulam ali,51,92367253.0,1,Normal Pacing
gumma thanuja rani,85,69195355.0,1,Normal Pacing
gurjeet singh aujla,314,64221497.0,1,Normal Pacing
gurmeet singh meet hayer,490,42961140.0,2,High Expenditure (Monitor for rapid drain)
gyaneshwar patil,218,34432188.0,0,Low Utilization / High Risk (Stalled)
hanuman beniwal,263,63812206.0,1,Normal Pacing
harbhajan singh,473,93024084.52,2,High Expenditure (Monitor for rapid drain)
hardeep singh puri,432,127971869.42,2,High Expenditure (Monitor for rapid drain)
harendra singh malik,137,44404804.0,0,Low Utilization / High Risk (Stalled)
haribhai patel,252,49259435.0,1,Normal Pacing
haris beeran,23,17480985.0,0,Low Utilization / High Risk (Stalled)
harsh mahajan,426,69300167.0,2,High Expenditure (Monitor for rapid drain)
harsh malhotra,39,20855450.0,0,Low Utilization / High Risk (Stalled)
harsimrat kaur badal,1231,73110931.0,2,High Expenditure (Monitor for rapid drain)
hasmukh bhai soma bhai patel,35,31871270.0,0,Low Utilization / High Risk (Stalled)
hd kumaraswamy,66,22825000.0,0,Low Utilization / High Risk (Stalled)
hema malini,72,40027547.0,0,Low Utilization / High Risk (Stalled)
hemang joshi,103,59624442.0,1,Normal Pacing
hemant vishnu savara,11,8415952.0,0,Low Utilization / High Risk (Stalled)
hibi eden,33,24576910.0,0,Low Utilization / High Risk (Stalled)
himadri singh,97,45115732.0,0,Low Utilization / High Risk (Stalled)
ilaiyaraaja,25,42418600.0,0,Low Utilization / High Risk (Stalled)
imran masood,73,61171580.0,1,Normal Pacing
imran pratapgarhi,53,99860610.0,1,Normal Pacing
indra hang subba,75,83342508.0,1,Normal Pacing
iqra choudhary,53,47965862.0,0,Low Utilization / High Risk (Stalled)
is inbadurai,21,11199577.0,0,Low Utilization / High Risk (Stalled)
isha khan choudhury,21,7176819.0,0,Low Utilization / High Risk (Stalled)
jagadish chandra barma basunia,13,21111953.0,0,Low Utilization / High Risk (Stalled)
jagadish shettar,29,9847651.0,0,Low Utilization / High Risk (Stalled)
jagannath sarkar,62,31868288.0,0,Low Utilization / High Risk (Stalled)
jagat prakash nadda,4,1600000.0,0,Low Utilization / High Risk (Stalled)
jagdambika pal,46,35855356.0,0,Low Utilization / High Risk (Stalled)
jaggesh,133,101244838.0,1,Normal Pacing
jai parkash,241,55479392.0,1,Normal Pacing
jai prakash,47,85755277.0,1,Normal Pacing
jairam ramesh,64,63903485.0,1,Normal Pacing
janardan mishra,74,84196402.0,1,Normal Pacing
janardan singh sigriwal,40,38417759.0,0,Low Utilization / High Risk (Stalled)
jashubhai bhilubhai rathva,110,32926028.0,0,Low Utilization / High Risk (Stalled)
jaswantsinh sumanbhai bhabhor,84,24714551.0,0,Low Utilization / High Risk (Stalled)
javed ali khan,153,132418638.28,1,Normal Pacing
jaya amitabh bachchan,21,21904185.0,0,Low Utilization / High Risk (Stalled)
jayant chaudhary,25,43141697.0,0,Low Utilization / High Risk (Stalled)
jayanta kumar roy,5,12082736.0,0,Low Utilization / High Risk (Stalled)
jebi mather hisham,72,53132435.0,1,Normal Pacing
jitan ram manjhi,93,45545787.0,0,Low Utilization / High Risk (Stalled)
jitendra kumar dohare,41,18729187.0,0,Low Utilization / High Risk (Stalled)
jitendra singh,214,47036079.0,1,Normal Pacing
jitin prasada,87,39498261.0,0,Low Utilization / High Risk (Stalled)
joba majhi,35,18443571.0,0,Low Utilization / High Risk (Stalled)
john brittas,57,57506835.0,1,Normal Pacing
jose k mani,44,19384930.0,0,Low Utilization / High Risk (Stalled)
joyanta basumatary,77,61755971.0,1,Normal Pacing
jual oram,184,44091531.0,1,Normal Pacing
jugal kishore sharma,96,30369749.0,0,Low Utilization / High Risk (Stalled)
june maliah,27,36949288.0,0,Low Utilization / High Risk (Stalled)
jyotiraditya m scindia,89,50305850.0,0,Low Utilization / High Risk (Stalled)
jyotirmay singh mahato,3,1133403.0,0,Low Utilization / High Risk (Stalled)
jyotsna charandas mahant,407,71349859.0,2,High Expenditure (Monitor for rapid drain)
k c venugopal,67,44331588.0,0,Low Utilization / High Risk (Stalled)
k e prakash,86,64833562.0,1,Normal Pacing
k laxman,73,62784327.0,1,Normal Pacing
k radhakrishnan,28,27024636.0,0,Low Utilization / High Risk (Stalled)
k rajashekar basavaraj hitnal,177,57745068.0,1,Normal Pacing
k subbarayan,70,79467300.0,1,Normal Pacing
kadiyam kavya,56,22317091.0,0,Low Utilization / High Risk (Stalled)
kakoli ghosh dastidar,60,55996272.0,1,Normal Pacing
kalanidhi veeraswamy,45,74973669.0,1,Normal Pacing
kalge shivaji bandappa,32,27552579.0,0,Low Utilization / High Risk (Stalled)
kali charan munda,120,43098745.0,0,Low Utilization / High Risk (Stalled)
kali charan singh,192,34452750.0,0,Low Utilization / High Risk (Stalled)
kalipada saren,44,67610918.0,1,Normal Pacing
kalpana saini,157,64724917.0,1,Normal Pacing
kalyan banerjee,110,76719145.0,1,Normal Pacing
kalyan vaijinathrao kale,41,38752304.0,0,Low Utilization / High Risk (Stalled)
kamakhya prasad tasa,32,11710303.0,0,Low Utilization / High Risk (Stalled)
kamaljeet sehrawat,30,12173759.0,0,Low Utilization / High Risk (Stalled)
kamlesh jangde,192,64674561.0,1,Normal Pacing
kamlesh paswan,46,29311397.0,0,Low Utilization / High Risk (Stalled)
kanad purkayastha,29,22663207.0,0,Low Utilization / High Risk (Stalled)
kangana ranaut,227,42407667.0,1,Normal Pacing
kani k navas,59,42604021.0,0,Low Utilization / High Risk (Stalled)
kanimozhi karunanidhi,34,58344698.0,1,Normal Pacing
kanwar singh tanwar,81,78135018.0,1,Normal Pacing
kapil sibal,197,80372274.12,1,Normal Pacing
karan bhushan singh,142,93585206.0,1,Normal Pacing
karti p chidambaram,135,90238717.0,1,Normal Pacing
kartick chandra paul,7,3940385.0,0,Low Utilization / High Risk (Stalled)
kartikeya sharma,2,1161226.0,0,Low Utilization / High Risk (Stalled)
kaushalendra kumar,94,44517141.0,0,Low Utilization / High Risk (Stalled)
kavita patidar,234,78023308.12,1,Normal Pacing
kesridevsinh jhala,42,21617510.0,0,Low Utilization / High Risk (Stalled)
khagen murmu,6,5482808.0,0,Low Utilization / High Risk (Stalled)
khalilur rahaman,9,8511496.0,0,Low Utilization / High Risk (Stalled)
khiru mahto,175,182298558.0,1,Normal Pacing
kinjarapu ram mohan naidu,102,53576961.0,1,Normal Pacing
kiren rijiju,143,80356622.0,1,Normal Pacing
kirsan namdeo,26,22599453.0,0,Low Utilization / High Risk (Stalled)
kirti vardhan singh,174,69217762.0,1,Normal Pacing
kishan reddy gangapuram,4,4554322.0,0,Low Utilization / High Risk (Stalled)
kishori lal,74,80095298.0,1,Normal Pacing
konda vishweshwar reddy,189,52589256.0,1,Normal Pacing
kota srinivas poojary,106,38622793.0,0,Low Utilization / High Risk (Stalled)
kripanath mallah,48,23700107.0,0,Low Utilization / High Risk (Stalled)
krishan pal gurjar,45,23168966.0,0,Low Utilization / High Risk (Stalled)
krishna devi shivshanker patel,68,13643560.47,0,Low Utilization / High Risk (Stalled)
krishna prasad tenneti,23,16927605.0,0,Low Utilization / High Risk (Stalled)
kriti devi debbarman,9,17438783.0,0,Low Utilization / High Risk (Stalled)
krn rajeshkumar,96,148008917.0,1,Normal Pacing
ksudhakar,86,23955335.0,0,Low Utilization / High Risk (Stalled)
kuldeep indora,37,10617918.0,0,Low Utilization / High Risk (Stalled)
kumbakudi sudhakaran,44,20015606.0,0,Low Utilization / High Risk (Stalled)
kunduru raghuveer,9,7766945.0,0,Low Utilization / High Risk (Stalled)
l murugan,37,36859774.0,0,Low Utilization / High Risk (Stalled)
lahar singh siroya,7,9847659.0,0,Low Utilization / High Risk (Stalled)
lalji verma,215,83164675.0,1,Normal Pacing
lata wankhede,236,90124470.0,1,Normal Pacing
lavu sri krishna devarayalu,4,2402685.0,0,Low Utilization / High Risk (Stalled)
laxmi verma,2,1250000.0,0,Low Utilization / High Risk (Stalled)
laxmikant bajpayee,36,38761207.0,0,Low Utilization / High Risk (Stalled)
laxmikant pappu nishad,10,6806487.0,0,Low Utilization / High Risk (Stalled)
lovely anand,22,26268801.0,0,Low Utilization / High Risk (Stalled)
ls tejasvi surya,51,40913804.0,0,Low Utilization / High Risk (Stalled)
lumbaram,563,52431179.0,2,High Expenditure (Monitor for rapid drain)
m dhanapal,17,13581422.0,0,Low Utilization / High Risk (Stalled)
m k raghavan,25,9037475.0,0,Low Utilization / High Risk (Stalled)
m mallesh babu,110,37408155.0,0,Low Utilization / High Risk (Stalled)
madan rathore,228,32460541.0,0,Low Utilization / High Risk (Stalled)
maddila gurumoorthy,153,61682697.0,1,Normal Pacing
madhavaneni raghunandan rao,48,29984168.0,0,Low Utilization / High Risk (Stalled)
magunta sreenivasulu reddy,8,9129157.0,0,Low Utilization / High Risk (Stalled)
mahendra bhatt,125,21944082.0,0,Low Utilization / High Risk (Stalled)
mahendra singh solanky,103,40312417.0,0,Low Utilization / High Risk (Stalled)
mahesh kashyap,191,62096176.5,1,Normal Pacing
mahesh sharma,128,81807399.0,1,Normal Pacing
mahima kumari mewar,266,46491784.0,1,Normal Pacing
mahua maji,287,82517527.0,1,Normal Pacing
mahua moitra,49,57382120.0,1,Normal Pacing
mala rajya laxmi shah,282,42415258.0,1,Normal Pacing
mala roy,65,61582788.0,1,Normal Pacing
malaiyarasan d,94,69522087.0,1,Normal Pacing
mallu ravi,82,31030441.0,0,Low Utilization / High Risk (Stalled)
malvika devi,79,27400498.0,0,Low Utilization / High Risk (Stalled)
malvinder singh kang,679,67731381.0,2,High Expenditure (Monitor for rapid drain)
mamata thakur,33,31779232.0,0,Low Utilization / High Risk (Stalled)
manan kumar mishra,39,38457500.0,0,Low Utilization / High Risk (Stalled)
manas ranjan mangaraj,28,12810000.0,0,Low Utilization / High Risk (Stalled)
mani a,58,42848322.0,0,Low Utilization / High Risk (Stalled)
manickam tagore b,89,87548017.0,1,Normal Pacing
manish tewari,126,31101225.0,0,Low Utilization / High Risk (Stalled)
manju sharma,30,22994861.0,0,Low Utilization / High Risk (Stalled)
manna lal rawat,171,33499767.0,0,Low Utilization / High Risk (Stalled)
manohar lal,13,16619897.0,0,Low Utilization / High Risk (Stalled)
manoj kumar,81,66016495.0,1,Normal Pacing
manoj tigga,8,6321271.0,0,Low Utilization / High Risk (Stalled)
manoj tiwari,9,28650238.0,0,Low Utilization / High Risk (Stalled)
mansukh mandaviya,86,34762587.0,0,Low Utilization / High Risk (Stalled)
mansukhbhai dhanjibhai vasava,226,66368391.0,1,Normal Pacing
masthan rao yadav beedha,46,35512349.0,0,Low Utilization / High Risk (Stalled)
maya naroliya,165,64942395.0,1,Normal Pacing
mayankkumar nayak,50,17198456.0,0,Low Utilization / High Risk (Stalled)
meda raghunadha reddy,138,81390969.0,1,Normal Pacing
medha vishram kulkarni,49,41737818.0,0,Low Utilization / High Risk (Stalled)
mian altaf ahmad,35,24523857.0,0,Low Utilization / High Risk (Stalled)
midhun reddy,213,53394248.0,1,Normal Pacing
milind murli deora,2,999996.0,0,Low Utilization / High Risk (Stalled)
mitesh rameshbhai bakabhai patel,284,56274198.0,1,Normal Pacing
mithlesh kumar,55,128005430.0,1,Normal Pacing
mk vishnuprasad,75,64553479.0,1,Normal Pacing
mohamed haneefa,8,6009392.0,0,Low Utilization / High Risk (Stalled)
mohammad jawed,13,8368700.0,0,Low Utilization / High Risk (Stalled)
mohammed nadimul haque,16,45077861.0,0,Low Utilization / High Risk (Stalled)
mohibbullah,62,25028736.0,0,Low Utilization / High Risk (Stalled)
mohite patil dhairyasheel rajsinh,5,1076660.0,0,Low Utilization / High Risk (Stalled)
mp abdussamad samadani,39,12241690.0,0,Low Utilization / High Risk (Stalled)
ms dola sen,20,69414332.0,1,Normal Pacing
muhammed hamdullah sayeed,20,39337535.0,0,Low Utilization / High Risk (Stalled)
mukesh rajput,25,10203880.0,0,Low Utilization / High Risk (Stalled)
mukeshkumar chandrakaant dalal,61,14167938.0,0,Low Utilization / High Risk (Stalled)
mukul wasnik,409,110293133.01,2,High Expenditure (Monitor for rapid drain)
murari lal meena,67,18197556.0,0,Low Utilization / High Risk (Stalled)
murasoli s,70,75625397.0,1,Normal Pacing
murlidhar mohol,19,18945481.0,0,Low Utilization / High Risk (Stalled)
naba charan majhi,65,29222207.0,0,Low Utilization / High Risk (Stalled)
nagendra ray,13,82024946.0,1,Normal Pacing
nalin soren,164,54235320.0,1,Normal Pacing
narain dass gupta,13,19700178.0,0,Low Utilization / High Risk (Stalled)
narayan das ahirwar,48,18017433.64,0,Low Utilization / High Risk (Stalled)
narayan tatu rane,36,20994974.0,0,Low Utilization / High Risk (Stalled)
narayanasa k bhandage,110,48293943.0,0,Low Utilization / High Risk (Stalled)
narendra modi,190,88588069.0,1,Normal Pacing
naresh bansal,212,122807852.0,1,Normal Pacing
naresh chandra uttam patel,49,28783210.0,0,Low Utilization / High Risk (Stalled)
naveen jain,89,63782666.0,1,Normal Pacing
naveen jindal,249,60542136.0,1,Normal Pacing
neeraj maurya,27,22144539.0,0,Low Utilization / High Risk (Stalled)
neeraj shekhar,164,85140752.0,1,Normal Pacing
nilesh dnyandev lanke,17,23809461.0,0,Low Utilization / High Risk (Stalled)
nimuben jayantibhai bambhaniya,27,15642379.0,0,Low Utilization / High Risk (Stalled)
nirmala sitharaman,9,76394660.0,1,Normal Pacing
nishikant dubey,1,1785510.0,0,Low Utilization / High Risk (Stalled)
nitin jairam gadkari,32,43727554.0,0,Low Utilization / High Risk (Stalled)
nitin laxmanrao jadhav patil,3,2996110.0,0,Low Utilization / High Risk (Stalled)
nityanand rai,24,9700330.0,0,Low Utilization / High Risk (Stalled)
nk premachandran,89,59021308.0,1,Normal Pacing
om birla,89,28481825.0,0,Low Utilization / High Risk (Stalled)
omprakash bhupalsinh alias pawan rajenimbalkar,42,26644490.0,0,Low Utilization / High Risk (Stalled)
p c mohan,9,6614505.0,0,Low Utilization / High Risk (Stalled)
p chidambaram,149,123842976.0,1,Normal Pacing
p p suneer,31,18439441.0,0,Low Utilization / High Risk (Stalled)
p t usha,71,53721613.0,1,Normal Pacing
p wilson,4,9998159.0,0,Low Utilization / High Risk (Stalled)
pabitra margherita,107,62074403.44,1,Normal Pacing
paka venkata satyanarayana,1,1599035.0,0,Low Utilization / High Risk (Stalled)
pankaj chowdhary,91,93841001.0,1,Normal Pacing
parimal suklabaidya,10,5386762.0,0,Low Utilization / High Risk (Stalled)
parmar jashvantsinh salamsinh,88,34141140.0,0,Low Utilization / High Risk (Stalled)
parshottambhai rupala,95,39730082.0,0,Low Utilization / High Risk (Stalled)
partha bhowmick,11,31114929.0,0,Low Utilization / High Risk (Stalled)
parvatagouda chandanagouda gaddigoudar,219,59240076.0,1,Normal Pacing
pathan yusuf,4,4313400.0,0,Low Utilization / High Risk (Stalled)
phani bhusan choudhury,99,40427232.0,0,Low Utilization / High Risk (Stalled)
phulo devi netam,14,8649219.0,0,Low Utilization / High Risk (Stalled)
piyush vedprakash goyal,17,30848998.0,0,Low Utilization / High Risk (Stalled)
poonamben hematbhai maadam,59,25418487.0,0,Low Utilization / High Risk (Stalled)
pp chaudhary,144,13208190.0,0,Low Utilization / High Risk (Stalled)
prabha mallikarjun,79,51319696.0,0,Low Utilization / High Risk (Stalled)
prabhakar reddy vemireddy,132,71812116.0,1,Normal Pacing
prabhubhai nagarbhai vasava,62,23054586.0,0,Low Utilization / High Risk (Stalled)
pradan baruah,173,55702350.0,1,Normal Pacing
pradeep kumar singh,11,19178146.0,0,Low Utilization / High Risk (Stalled)
pradeep purohit,111,30622680.0,0,Low Utilization / High Risk (Stalled)
pradip kumar varma,168,80187754.0,1,Normal Pacing
pradyut bordoloi,450,64274464.0,2,High Expenditure (Monitor for rapid drain)
praful patel,36,24840576.0,0,Low Utilization / High Risk (Stalled)
pralhad venkatesh joshi,62,19665814.0,0,Low Utilization / High Risk (Stalled)
pramod tiwari,215,98774660.0,1,Normal Pacing
praniti sushilkumar shinde,9,8440395.0,0,Low Utilization / High Risk (Stalled)
prashant yadaorao padole,20,14261839.0,0,Low Utilization / High Risk (Stalled)
prasun banerjee,108,60556380.0,1,Normal Pacing
pratap chandra sarangi,4,1775000.0,0,Low Utilization / High Risk (Stalled)
prataprao jadhav,2,1208028.0,0,Low Utilization / High Risk (Stalled)
pratima mondal,168,69730426.0,1,Normal Pacing
praveen khandelwal,41,26310617.0,0,Low Utilization / High Risk (Stalled)
praveen patel,28,89345415.0,1,Normal Pacing
priya saroj,116,32529082.0,0,Low Utilization / High Risk (Stalled)
priyanka gandhi vadra,36,29247061.0,0,Low Utilization / High Risk (Stalled)
priyanka satish jarkiholi,30,15146653.0,0,Low Utilization / High Risk (Stalled)
prof manoj kumar jha,21,19673986.0,0,Low Utilization / High Risk (Stalled)
prof ram gopal yadav,124,178609713.0,1,Normal Pacing
prof sougata ray,17,14046615.0,0,Low Utilization / High Risk (Stalled)
prof sp singh baghel,126,89917399.0,1,Normal Pacing
pushpendra saroj,54,11769312.0,0,Low Utilization / High Risk (Stalled)
putta mahesh kumar,33,28317566.0,0,Low Utilization / High Risk (Stalled)
r dharmar,182,193271063.0,1,Normal Pacing
r girirajan,150,150451851.0,1,Normal Pacing
rabindra narayan behera,41,9146086.0,0,Low Utilization / High Risk (Stalled)
rachna banerjee,37,29457679.0,0,Low Utilization / High Risk (Stalled)
radha mohan das agrawal,53,69089075.0,1,Normal Pacing
radha mohan singh,78,66715753.0,1,Normal Pacing
radhakrishna,2,3254664.0,0,Low Utilization / High Risk (Stalled)
radhe shyam rathiya,190,75998104.0,1,Normal Pacing
raghav chadha,31,34418964.0,0,Low Utilization / High Risk (Stalled)
rahul gandhi,63,24089594.0,0,Low Utilization / High Risk (Stalled)
rahul kaswan,503,55619675.0,2,High Expenditure (Monitor for rapid drain)
rahul singh lodhi,98,34106321.0,0,Low Utilization / High Risk (Stalled)
raj bhushan choudhary,84,88450137.0,1,Normal Pacing
raj kumar chabbewal,1093,68114117.0,2,High Expenditure (Monitor for rapid drain)
raj kumar roat,119,63088021.0,1,Normal Pacing
raja ram singh,154,64343047.0,1,Normal Pacing
rajabhau,42,41852262.0,0,Low Utilization / High Risk (Stalled)
rajathi,12,14187106.0,0,Low Utilization / High Risk (Stalled)
rajeev bhardwaj,588,73498246.0,2,High Expenditure (Monitor for rapid drain)
rajeev rai,73,37105468.0,0,Low Utilization / High Risk (Stalled)
rajeev shukla,31,34829928.0,0,Low Utilization / High Risk (Stalled)
rajesh mishra,386,66763554.0,2,High Expenditure (Monitor for rapid drain)
rajesh ranjan alias pappu yadav,15,21370118.0,0,Low Utilization / High Risk (Stalled)
rajesh verma,53,58362210.0,1,Normal Pacing
rajeshbhai naranbhai chudasama,174,55498664.0,1,Normal Pacing
rajib bhattacharjee,34,30599423.0,0,Low Utilization / High Risk (Stalled)
rajkumar chahar,84,83451491.0,1,Normal Pacing
rajkumar sangwan,78,36662976.0,0,Low Utilization / High Risk (Stalled)
rajmohan unnithan,71,19816945.0,0,Low Utilization / High Risk (Stalled)
rajnath singh,74,74407887.0,1,Normal Pacing
rajpalsinh mahendrasinh jadav,123,26459601.0,0,Low Utilization / High Risk (Stalled)
raju bista,82,39467318.0,0,Low Utilization / High Risk (Stalled)
rakesh rathor,105,91524162.0,1,Normal Pacing
rakibul hussain,130,43062171.0,0,Low Utilization / High Risk (Stalled)
raksha nikhil khadse,3,5871973.0,0,Low Utilization / High Risk (Stalled)
ram prasad chaudhary,181,147057824.0,1,Normal Pacing
ram shiromani,8,4750320.0,0,Low Utilization / High Risk (Stalled)
ramasahayam raghuram reddy,43,19925766.0,0,Low Utilization / High Risk (Stalled)
ramashankar rajbhar,141,42420717.0,0,Low Utilization / High Risk (Stalled)
rambhual nishad,25,86873694.0,1,Normal Pacing
ramesh awasthi,61,64373749.0,1,Normal Pacing
ramesh chandappa jigajinagi,107,20734382.0,0,Low Utilization / High Risk (Stalled)
ramji,51,104517289.0,1,Normal Pacing
ramji lal suman,118,91713337.0,1,Normal Pacing
ramprit mandal,41,36597031.0,0,Low Utilization / High Risk (Stalled)
ramvir singh bidhuri,40,26545916.0,0,Low Utilization / High Risk (Stalled)
randeep singh surjewala,215,57834290.0,1,Normal Pacing
rani sri kumar,68,73312325.0,1,Normal Pacing
ranjeet ranjan,217,110514954.0,1,Normal Pacing
ranjit dutta,312,64305389.0,1,Normal Pacing
rao inderjit singh,27,22316827.0,0,Low Utilization / High Risk (Stalled)
rao rajendra singh,34,14159844.0,0,Low Utilization / High Risk (Stalled)
ratanjit pratap narain singh,201,84735049.0,1,Normal Pacing
ravi chandra vaddiraju,100,54708392.0,1,Normal Pacing
ravi shankar prasad,62,55836245.0,1,Normal Pacing
ravindra dattaram waikar,24,53799122.0,0,Low Utilization / High Risk (Stalled)
ravindra shyamnarayan alias ravi kishan shukla,10,12572509.0,0,Low Utilization / High Risk (Stalled)
ravindra vasantrao chavan,48,39344293.0,0,Low Utilization / High Risk (Stalled)
rekha sharma,167,13262800.0,0,Low Utilization / High Risk (Stalled)
renuka chowdhury,5,2147133.0,0,Low Utilization / High Risk (Stalled)
richard vanlalhmangaiha,303,91891729.0,1,Normal Pacing
rk chaudhary,30,28913813.0,0,Low Utilization / High Risk (Stalled)
robert bruce c,48,48346528.0,0,Low Utilization / High Risk (Stalled)
rodmal nagar,35,29921759.0,0,Low Utilization / High Risk (Stalled)
roop kumari choudhary,227,71496348.0,1,Normal Pacing
ruchi vira,78,11123773.0,0,Low Utilization / High Risk (Stalled)
rudra narayan pany,22,3039057.0,0,Low Utilization / High Risk (Stalled)
rwngwra narzary,166,114686562.0,1,Normal Pacing
ryaga krishnaiah,34,54110584.0,0,Low Utilization / High Risk (Stalled)
s jagathrakshakan,51,50157596.0,0,Low Utilization / High Risk (Stalled)
s jaishankar,10,8847865.0,0,Low Utilization / High Risk (Stalled)
s jothimani,68,40534523.0,0,Low Utilization / High Risk (Stalled)
s kalyanasundaram,120,154550953.0,1,Normal Pacing
s niranjan reddy,28,29499116.0,0,Low Utilization / High Risk (Stalled)
s p singh,118,39606929.0,0,Low Utilization / High Risk (Stalled)
s phangnon konyak,122,195106200.0,1,Normal Pacing
s selvaganabathy,89,98262406.0,1,Normal Pacing
s supongmeren jamir,81,138150000.0,1,Normal Pacing
s venkatesan,64,45404171.0,0,Low Utilization / High Risk (Stalled)
sachithanantham r,80,86472952.0,1,Normal Pacing
sadanand mhalu shet tanavade,24,35065627.99,0,Low Utilization / High Risk (Stalled)
sadhna singh,33,87517379.0,1,Normal Pacing
sagar eshwar khandre,45,14111847.0,0,Low Utilization / High Risk (Stalled)
sagarika ghose,16,47289873.0,0,Low Utilization / High Risk (Stalled)
sajda ahmed,103,45907608.0,0,Low Utilization / High Risk (Stalled)
saleng a sangma,358,90335000.0,2,High Expenditure (Monitor for rapid drain)
sambit patra,156,20302750.0,0,Low Utilization / High Risk (Stalled)
samik bhattacharya,26,27187452.0,0,Low Utilization / High Risk (Stalled)
samirul islam,17,71238651.0,1,Normal Pacing
sanatan pandey,130,55098953.0,1,Normal Pacing
sandeep kumar pathak,953,148651862.0,2,High Expenditure (Monitor for rapid drain)
sandhya ray,8,1371102.0,0,Low Utilization / High Risk (Stalled)
sandosh kumar p,63,51480865.0,0,Low Utilization / High Risk (Stalled)
sangeeta balwant,38,17214563.5,0,Low Utilization / High Risk (Stalled)
sangeeta kumari singh deo,14,4193424.0,0,Low Utilization / High Risk (Stalled)
sangeeta yadav,78,79975459.0,1,Normal Pacing
sanjay dina patil,3,5955517.0,0,Low Utilization / High Risk (Stalled)
sanjay haribhau jadhav,49,40999822.0,0,Low Utilization / High Risk (Stalled)
sanjay kumar bandi,254,57471019.0,1,Normal Pacing
sanjay kumar jha,6,5078584.0,0,Low Utilization / High Risk (Stalled)
sanjay raut,27,62671262.0,1,Normal Pacing
sanjay seth,232,125217531.0,1,Normal Pacing
sanjay singh,22,16687160.0,0,Low Utilization / High Risk (Stalled)
sanjay uttamrao deshmukh,42,24518118.0,0,Low Utilization / High Risk (Stalled)
sanjna jatav,671,63418084.1,2,High Expenditure (Monitor for rapid drain)
sant balbir singh,641,110435733.41,2,High Expenditure (Monitor for rapid drain)
santosh pandey,235,57685851.0,1,Normal Pacing
saptagiri sankar ulaka,183,55300166.0,1,Normal Pacing
sarabjeet singh khalsa,508,65454155.0,2,High Expenditure (Monitor for rapid drain)
sarbananda sonowal,56,20720533.0,0,Low Utilization / High Risk (Stalled)
sarfraz ahmad,120,62304313.0,1,Normal Pacing
sasikanth senthil,115,79544761.0,1,Normal Pacing
sasmit patra,121,30300333.0,0,Low Utilization / High Risk (Stalled)
satabdi roy,67,48307379.6,0,Low Utilization / High Risk (Stalled)
satish chandra dubey,204,157649564.0,1,Normal Pacing
satish kumar gautam,127,87713538.0,1,Normal Pacing
satnam singh sandhu,51,8772564.0,0,Low Utilization / High Risk (Stalled)
satpal brahamchari,155,30825402.0,0,Low Utilization / High Risk (Stalled)
saumitra khan,46,54432574.0,0,Low Utilization / High Risk (Stalled)
savitri thakur,166,49534468.0,1,Normal Pacing
sayani ghosh,85,45005135.0,0,Low Utilization / High Risk (Stalled)
seema dwivedi,141,69050364.4,1,Normal Pacing
selja,91,16097428.0,0,Low Utilization / High Risk (Stalled)
selvaganapathi t m,1,1967994.0,0,Low Utilization / High Risk (Stalled)
selvaraj v,49,45112452.0,0,Low Utilization / High Risk (Stalled)
shafi parambil,29,12254097.0,0,Low Utilization / High Risk (Stalled)
shambhavi,29,22118264.0,0,Low Utilization / High Risk (Stalled)
shambhu sharan patel,106,117630337.0,1,Normal Pacing
shankar lalwani,195,61438353.0,1,Normal Pacing
shantanu thakur,8,5993836.0,0,Low Utilization / High Risk (Stalled)
sharmila sarkar,33,21224009.0,0,Low Utilization / High Risk (Stalled)
shashank mani,133,75622587.0,1,Normal Pacing
shashi tharoor,57,39888110.0,0,Low Utilization / High Risk (Stalled)
shatrughan sinha,20,66966504.0,1,Normal Pacing
sher singh ghubaya,409,84358115.0,2,High Expenditure (Monitor for rapid drain)
shivmangal singh tomar,44,16475463.0,0,Low Utilization / High Risk (Stalled)
shivraj singh chouhan,126,38601625.0,0,Low Utilization / High Risk (Stalled)
shobha karandlaje,75,53452939.0,1,Normal Pacing
shobhanaben mahendrasinh baraiya,140,49580570.0,1,Normal Pacing
shreyas m patel,162,49580268.0,1,Normal Pacing
shrikant eknath shinde,1,325000.0,0,Low Utilization / High Risk (Stalled)
shrimant chh udayanraje pratapsinhamaharaj bhonsle,20,15721959.0,0,Low Utilization / High Risk (Stalled)
shripad yesso naik,19,14303095.0,0,Low Utilization / High Risk (Stalled)
shrirang appa barne,42,30128457.0,0,Low Utilization / High Risk (Stalled)
shyamkumar,6,5141086.0,0,Low Utilization / High Risk (Stalled)
sikander kumar,399,123493485.04,2,High Expenditure (Monitor for rapid drain)
sivanath kesineni,3,6329561.0,0,Low Utilization / High Risk (Stalled)
sk nurul islam,21,30740105.0,0,Low Utilization / High Risk (Stalled)
smita uday wagh,9,14030677.0,0,Low Utilization / High Risk (Stalled)
sonia gandhi,132,67269808.0,1,Normal Pacing
sr sivalingam,9,17248093.0,0,Low Utilization / High Risk (Stalled)
sribharat mathukumli,15,10903207.0,0,Low Utilization / High Risk (Stalled)
subhash barala,61,28951049.0,0,Low Utilization / High Risk (Stalled)
subhasish khuntia,30,5016064.0,0,Low Utilization / High Risk (Stalled)
sudama prasad,32,25427762.0,0,Low Utilization / High Risk (Stalled)
sudha murty,8,71000000.0,1,Normal Pacing
sudha r,37,25994145.0,0,Low Utilization / High Risk (Stalled)
sudhakar singh,156,97386140.0,1,Normal Pacing
sudhanshu trivedi,28,33646948.0,0,Low Utilization / High Risk (Stalled)
sudheer gupta,94,14970844.0,0,Low Utilization / High Risk (Stalled)
sudip bandyopadhyay,31,46311063.0,0,Low Utilization / High Risk (Stalled)
sukanta kumar panigrahi,232,35364073.0,0,Low Utilization / High Risk (Stalled)
sukanta majumdar,32,18108278.0,0,Low Utilization / High Risk (Stalled)
sukhdeo bhagat,184,82391487.0,1,Normal Pacing
sukhjinder singh randhawa,342,50672042.0,1,Normal Pacing
sulata deo,258,77143569.0,1,Normal Pacing
sumitra balmik,356,149036513.0,2,High Expenditure (Monitor for rapid drain)
sunil bose,69,35177615.0,0,Low Utilization / High Risk (Stalled)
sunil dattatray tatkare,73,58660128.0,1,Normal Pacing
sunil kumar,73,51624429.0,0,Low Utilization / High Risk (Stalled)
supriya sadanand sule,32,23046333.0,0,Low Utilization / High Risk (Stalled)
surendra prasad yadav,150,54537182.0,1,Normal Pacing
surendra singh nagar,98,37554741.16,0,Low Utilization / High Risk (Stalled)
suresh gopi,21,16001891.0,0,Low Utilization / High Risk (Stalled)
suresh kodikunnil,69,38324049.0,0,Low Utilization / High Risk (Stalled)
suresh kumar kashyap,530,82819711.0,2,High Expenditure (Monitor for rapid drain)
suresh kumar shetkar,91,24674555.0,0,Low Utilization / High Risk (Stalled)
swami sachchidanandhari sakshi ji maharaj,66,66855809.0,1,Normal Pacing
syed naseer hussain,34,45110755.0,0,Low Utilization / High Risk (Stalled)
t sumathy thamizhachi thangapandian,16,27614078.0,0,Low Utilization / High Risk (Stalled)
tangella uday srinivas,10,16907864.0,0,Low Utilization / High Risk (Stalled)
tanuj punia,30,83397272.0,1,Normal Pacing
tapir gao,186,93388756.0,1,Normal Pacing
tariq anwar,11,10714220.0,0,Low Utilization / High Risk (Stalled)
tejveer singh,152,89900058.0,1,Normal Pacing
thalikkottai rajuthevar baalu,49,57075438.0,1,Normal Pacing
thanga tamilselvan,54,48629741.0,0,Low Utilization / High Risk (Stalled)
tharaniventhan m s,167,91881039.0,1,Normal Pacing
thiru dayanidhi maran,7,25568733.0,0,Low Utilization / High Risk (Stalled)
thirumaa valavan thol,66,60603825.0,1,Normal Pacing
tokhan sahu,154,54481472.0,1,Normal Pacing
trivendra singh rawat,16,9309458.0,0,Low Utilization / High Risk (Stalled)
ujjwal raman singh,64,62840430.0,1,Normal Pacing
ummeda ram beniwal,134,55665752.0,1,Normal Pacing
utkarsh verma madhur,54,22861821.0,0,Low Utilization / High Risk (Stalled)
v s matheswaran,102,76913761.0,1,Normal Pacing
v sivadasan,30,20735127.0,0,Low Utilization / High Risk (Stalled)
v somanna,25,30793790.0,0,Low Utilization / High Risk (Stalled)
v vijayendra prasad,69,78209396.0,1,Normal Pacing
vaithilingam ve,26,32328068.0,0,Low Utilization / High Risk (Stalled)
vamsi krishna gaddam,20,15978332.0,0,Low Utilization / High Risk (Stalled)
varun chaudhry,104,27537055.0,0,Low Utilization / High Risk (Stalled)
veena devi,16,49833889.0,0,Low Utilization / High Risk (Stalled)
vellalath kochukrishnan nair sreekandan,78,33568868.0,0,Low Utilization / High Risk (Stalled)
vijay baghel,171,53675594.0,1,Normal Pacing
vijay kumar dubey,156,58818391.0,1,Normal Pacing
vijay kumar hansdak,82,8224290.0,0,Low Utilization / High Risk (Stalled)
vijayakumar vasanth,44,41852757.0,0,Low Utilization / High Risk (Stalled)
vijaylakshmi devi,27,26605658.0,0,Low Utilization / High Risk (Stalled)
vikramjit singh sahney,305,108993536.74,1,Normal Pacing
vinod chavda,122,49801603.0,1,Normal Pacing
vinod kumar bind,37,19906453.0,0,Low Utilization / High Risk (Stalled)
virendra kumar,215,45869027.0,1,Normal Pacing
virendra singh,45,84272229.0,1,Normal Pacing
vishal,21,20615077.0,0,Low Utilization / High Risk (Stalled)
vishnu dayal ram,163,44869324.0,1,Normal Pacing
vishnu dutt sharma,20,10849947.0,0,Low Utilization / High Risk (Stalled)
vishweshwar hegde kageri,65,26900000.0,0,Low Utilization / High Risk (Stalled)
vivek k tankha,541,107607876.0,2,High Expenditure (Monitor for rapid drain)
vivek thakur,4,1877598.0,0,Low Utilization / High Risk (Stalled)
y s avinash reddy,86,40037027.0,0,Low Utilization / High Risk (Stalled)
yaduveer krishnadatta chamaraja wadiyar,125,48752060.0,1,Normal Pacing
yerram venkata subba reddy,66,30909037.0,0,Low Utilization / High Risk (Stalled)
yogendra chandoliya,13,10302954.0,0,Low Utilization / High Risk (Stalled)
zia ur rehman,39,11703449.0,0,Low Utilization / High Risk (Stalled)
